Title,Body,Labels
Month 1 - Fundamentals of Data Engineering,Project: Build a real-time data pipeline with Spark & Snowflake,"Data Engineering, March"
Month 1 - Data Engineering Design Patterns,Project: Design an ETL framework for scalable ingestion,"Data Engineering, March"
Month 1 - Data Management at Scale,Project: Optimize data processing with Python & Pandas,"Data Engineering, March"
Month 1 - Architecting Data and Machine Learning Platforms,Project: Develop an AI-ready data warehouse architecture,"Data Engineering, March"
Month 1 - Python Cookbook,Project: Implement advanced Python workflows for data engineering,"Data Engineering, March"
Month 1 - Staff Engineer: Leadership Beyond the Management Track,Project: Analyze leadership patterns in high-performance teams,"Leadership, March"
Month 2 - Hands-On Machine Learning,Project: Develop an ML Model for Predictive Analytics,"Machine Learning, April"
Month 2 - Machine Learning Design Patterns,Project: Implement reusable ML architecture patterns,"Machine Learning, April"
Month 2 - Fluent Python,Project: Refactor Python scripts for large-scale ML processing,"Machine Learning, April"
Month 2 - High Performance Python,Project: Optimize an ML pipeline for speed and efficiency,"Machine Learning, April"
Month 2 - The Staff Engineer’s Path,Project: Map Staff Engineer career growth using knowledge graphs,"Leadership, April"
Month 3 - Designing Machine Learning Systems,Project: Deploy an ML Model with CI/CD & MLOps Best Practices,"MLOps, May"
Month 3 - Practical MLOps,Project: Automate AI workflows using MLOps pipelines,"MLOps, May"
Month 3 - Kubernetes: Up & Running,Project: Containerize an ML model and deploy on Kubernetes,"Cloud, May"
Month 3 - Terraform: Up and Running,Project: Automate infrastructure provisioning with Terraform,"Cloud, May"
Month 3 - The DevOps Handbook,Project: Implement DevOps best practices in AI deployment,"DevOps, May"
Month 3 - The Manager’s Path,Project: Mentor a junior engineer on system reliability principles,"Leadership, May"
Month 4 - Designing Data-Intensive Applications,Project: Design a Scalable Data & AI System (FAANG Interview-Level),"System Design, June"
Month 4 - The Art of Scalability,Project: Architect and optimize a large-scale data pipeline,"System Design, June"
Month 4 - Building Evolutionary Architectures,Project: Implement feature flags for evolving ML architectures,"System Design, June"
Month 4 - Mastering API Architecture,Project: Develop an API-driven ML service,"System Design, June"
Month 4 - Leading Effective Engineering Teams,Project: Lead an engineering deep-dive session on team best practices,"Leadership, June"
Month 5 - HBR’s 10 Must Reads on AI,Project: Analyze AI use cases in FAANG & their business impact,"AI Strategy, July"
Month 5 - AI-Powered Business Intelligence,Project: Develop a data-driven AI business intelligence dashboard,"AI Strategy, July"
Month 5 - Decision Intelligence,Project: Design an AI-powered decision-making framework,"AI Strategy, July"
Month 5 - The Engineering Executive’s Primer,Project: Draft an AI-first leadership strategy for engineering teams,"Leadership, July"
Month 5 - Communication Patterns,Project: Develop a technical influence strategy for cross-functional teams,"Leadership, July"
